timestamp,open,high,low,close,volume,SMA_50,SMA_200,signal
2025-07-21 17:00:00,117738.44,118093.13,117321.84,117847.82,692.69059,,,0
2025-07-21 18:00:00,117847.83,118213.24,117100.0,117162.28,666.85458,,,0
2025-07-21 19:00:00,117162.28,117521.01,116666.0,116767.67,1149.65254,,,0
2025-07-21 20:00:00,116767.67,117252.0,116656.88,116939.4,697.73214,,,0
2025-07-21 21:00:00,116939.4,117371.99,116879.1,117215.25,403.94845,,,0
2025-07-21 22:00:00,117215.25,117633.66,117117.85,117348.96,307.79739,,,0
2025-07-21 23:00:00,117348.97,117508.25,117107.03,117380.36,285.30321,,,0
2025-07-22 00:00:00,117380.36,117524.07,117012.29,117123.69,512.7688,,,0
2025-07-22 01:00:00,117123.68,117950.0,116128.0,117750.01,1747.33705,,,0
2025-07-22 02:00:00,117750.01,117800.0,116969.67,117027.81,641.70987,,,0
2025-07-22 03:00:00,117027.81,117271.32,116683.93,117210.0,805.64841,,,0
2025-07-22 04:00:00,117210.0,117357.21,116555.0,116555.01,1108.40285,,,0
2025-07-22 05:00:00,116555.01,117346.17,116552.18,117329.27,706.3125,,,0
2025-07-22 06:00:00,117329.28,117847.77,117275.47,117847.26,782.21261,,,0
2025-07-22 07:00:00,117847.26,118594.55,117780.0,117983.68,1682.91379,,,0
2025-07-22 08:00:00,117983.69,118345.0,117488.19,118289.99,931.64911,,,0
2025-07-22 09:00:00,118290.0,118656.0,117873.42,118399.09,867.84135,,,0
2025-07-22 10:00:00,118399.09,118956.0,118302.01,118955.99,608.10463,,,0
2025-07-22 11:00:00,118955.99,119188.3,118784.0,119154.99,969.19626,,,0
2025-07-22 12:00:00,119154.99,119419.74,119037.02,119293.7,896.31634,,,0
2025-07-22 13:00:00,119293.7,119573.53,118034.63,118147.82,1663.45612,,,0
2025-07-22 14:00:00,118147.83,119140.14,117550.0,119060.0,1271.80822,,,0
2025-07-22 15:00:00,119060.01,119177.53,118690.38,118912.04,765.65863,,,0
2025-07-22 16:00:00,118912.04,119350.01,118626.35,118681.26,608.5666,,,0
2025-07-22 17:00:00,118681.25,119213.0,118368.19,119199.39,444.47061,,,0
2025-07-22 18:00:00,119199.39,120183.96,119044.06,119733.69,1310.2716,,,0
2025-07-22 19:00:00,119733.7,119914.97,119097.6,119282.1,704.31973,,,0
2025-07-22 20:00:00,119282.11,119901.88,119203.2,119703.28,539.53916,,,0
2025-07-22 21:00:00,119703.29,119770.84,119400.0,119400.0,239.71174,,,0
2025-07-22 22:00:00,119400.0,120035.29,119385.21,119844.23,608.63065,,,0
2025-07-22 23:00:00,119844.23,120247.8,119835.56,119954.42,542.2831,,,0
2025-07-23 00:00:00,119954.43,120090.0,119500.29,119546.56,373.25447,,,0
2025-07-23 01:00:00,119546.56,119666.04,119379.63,119488.22,386.63831,,,0
2025-07-23 02:00:00,119488.21,119531.29,118983.34,119090.73,754.14191,,,0
2025-07-23 03:00:00,119090.73,119116.68,118532.96,118614.17,554.08458,,,0
2025-07-23 04:00:00,118614.16,118996.01,118576.38,118996.0,301.65112,,,0
2025-07-23 05:00:00,118996.01,119006.05,118615.97,118645.04,468.54694,,,0
2025-07-23 06:00:00,118645.04,118717.12,118329.04,118417.99,401.51312,,,0
2025-07-23 07:00:00,118417.99,118592.39,118288.2,118350.35,392.52237,,,0
2025-07-23 08:00:00,118350.35,118552.0,118222.71,118423.21,415.94192,,,0
2025-07-23 09:00:00,118423.21,118457.86,117910.66,118040.0,501.38076,,,0
2025-07-23 10:00:00,118040.01,118379.74,117844.24,118372.12,510.46248,,,0
2025-07-23 11:00:00,118372.13,118619.79,118160.0,118538.46,373.31825,,,0
2025-07-23 12:00:00,118538.46,118655.0,117799.87,117980.7,730.54489,,,0
2025-07-23 13:00:00,117980.69,118199.89,117330.0,117381.44,1612.8477,,,0
2025-07-23 14:00:00,117381.44,118205.0,117301.0,118204.99,952.15862,,,0
2025-07-23 15:00:00,118204.99,118708.24,117823.21,118567.39,741.63721,,,0
2025-07-23 16:00:00,118567.39,118567.39,117561.23,117712.53,803.50351,,,0
2025-07-23 17:00:00,117712.53,118136.46,117331.63,118131.99,856.62881,,,0
2025-07-23 18:00:00,118131.99,118387.85,117998.9,118379.45,514.88794,118327.636,,0
2025-07-23 19:00:00,118379.44,118466.69,118218.12,118393.64,476.80341,118338.5524,,0
2025-07-23 20:00:00,118393.64,118498.76,117559.91,117900.0,625.02001,118353.30680000002,,0
2025-07-23 21:00:00,117900.0,118181.36,117381.8,118181.36,644.9173,118381.5806,,0
2025-07-23 22:00:00,118181.75,118630.39,117937.47,118568.99,553.07391,118414.1724,,0
2025-07-23 23:00:00,118568.99,118756.0,118421.86,118755.99,613.27129,118444.9872,,0
2025-07-24 00:00:00,118756.0,119138.57,118571.17,119060.0,647.45883,118479.20800000001,,0
2025-07-24 01:00:00,119060.01,119100.0,118787.32,119094.4,299.18389,118513.48879999999,,0
2025-07-24 02:00:00,119094.4,119094.4,118808.44,118960.6,290.68089,118550.22700000001,,0
2025-07-24 03:00:00,118960.6,119273.36,118466.71,118488.92,640.95973,118565.0052,,0
2025-07-24 04:00:00,118488.92,118610.25,117830.0,117941.86,760.33077,118583.28619999999,,0
2025-07-24 05:00:00,117941.86,117953.72,117500.0,117604.55,902.71116,118591.1772,,0
2025-07-24 06:00:00,117604.54,117855.0,117380.03,117466.81,933.69554,118609.41320000001,,0
2025-07-24 07:00:00,117466.81,118473.62,117103.1,118416.21,1190.19498,118631.15199999999,,0
2025-07-24 08:00:00,118416.21,118811.09,118224.76,118775.28,827.24635,118649.7124,,0
2025-07-24 09:00:00,118775.29,118814.47,118300.53,118507.08,476.62912,118660.18040000001,,0
2025-07-24 10:00:00,118507.07,118648.53,117955.59,118373.99,531.255,118661.8604,,0
2025-07-24 11:00:00,118374.0,118739.13,118297.56,118600.0,569.02762,118665.87860000001,,0
2025-07-24 12:00:00,118600.0,118728.33,118281.12,118531.42,776.17409,118657.38720000001,,0
2025-07-24 13:00:00,118531.43,118727.53,118220.0,118227.48,630.03049,118638.837,,0
2025-07-24 14:00:00,118227.48,119109.74,117832.32,119057.11,1286.22387,118634.10519999999,,0
2025-07-24 15:00:00,119057.12,119450.0,118614.84,119092.65,1446.86371,118653.0018,,0
2025-07-24 16:00:00,119092.65,119190.41,118350.0,118529.97,870.59406,118642.40120000001,,0
2025-07-24 17:00:00,118529.97,119307.43,118481.7,119122.94,402.20867,118646.6192,,0
2025-07-24 18:00:00,119122.95,119395.81,118960.27,119044.29,426.58619,118653.87980000001,,0
2025-07-24 19:00:00,119044.29,119343.97,118900.02,118943.42,467.4377,118648.76039999998,,0
2025-07-24 20:00:00,118943.42,119010.64,118722.02,118722.02,271.81117,118628.52700000002,,0
2025-07-24 21:00:00,118722.03,118790.44,118487.2,118527.52,211.57104,118613.43539999999,,0
2025-07-24 22:00:00,118527.51,118626.09,118186.57,118280.01,387.73703,118584.97,,0
2025-07-24 23:00:00,118280.0,118450.24,118166.94,118340.99,560.27853,118563.7898,,0
2025-07-25 00:00:00,118340.98,118451.57,117652.85,117664.56,992.03849,118520.1964,,0
2025-07-25 01:00:00,117664.55,117802.04,117231.0,117359.26,2379.32463,118468.2932,,0
2025-07-25 02:00:00,117359.27,117396.96,116353.66,116353.67,3274.41246,118404.43540000002,,0
2025-07-25 03:00:00,116353.67,116428.55,115330.86,115419.66,4481.42935,118323.0642,,0
2025-07-25 04:00:00,115419.65,116144.63,115115.0,116102.7,2028.74795,118263.30360000001,,0
2025-07-25 05:00:00,116102.71,116102.71,115263.54,115500.0,1990.02649,118201.02020000001,,0
2025-07-25 06:00:00,115500.0,115511.54,115200.0,115284.25,2030.76329,118126.78520000001,,0
2025-07-25 07:00:00,115284.25,115946.26,114723.16,115320.01,2785.7139,118060.28460000001,,0
2025-07-25 08:00:00,115320.01,115980.82,115008.85,115202.55,3646.45319,117995.9758,,0
2025-07-25 09:00:00,115202.55,116033.46,115020.59,116033.44,1501.26322,117949.63760000002,,0
2025-07-25 10:00:00,116033.44,116487.5,115990.09,116308.48,927.16868,117907.343,,0
2025-07-25 11:00:00,116308.48,116782.13,116308.48,116543.58,1141.32627,117877.41459999999,,0
2025-07-25 12:00:00,116543.59,116656.99,115963.97,116105.96,1288.03796,117832.0914,,0
2025-07-25 13:00:00,116105.96,116600.0,115564.75,116216.27,1802.0313,117785.64760000001,,0
2025-07-25 14:00:00,116216.27,116286.87,114908.0,114960.01,2025.1148,117725.2338,,0
2025-07-25 15:00:00,114960.01,115846.39,114916.48,115727.08,1246.60929,117692.14660000001,,0
2025-07-25 16:00:00,115727.07,116214.88,115455.46,116185.32,941.06562,117651.75319999998,,0
2025-07-25 17:00:00,116185.31,116345.74,115871.8,116042.5,679.50606,117601.2554,,0
2025-07-25 18:00:00,116042.51,116568.73,116042.5,116491.53,629.2576,117576.8354,,0
2025-07-25 19:00:00,116491.53,116997.21,116405.7,116688.6,839.57954,117547.96760000002,,0
2025-07-25 20:00:00,116688.6,117306.0,116578.02,117040.01,737.6538,117521.17880000001,,0
2025-07-25 21:00:00,117040.01,117377.59,116956.0,117214.23,418.42958,117497.59059999998,,0
2025-07-25 22:00:00,117214.23,117343.89,117102.3,117279.97,248.88589,117485.19,,0
2025-07-25 23:00:00,117279.97,117630.0,117186.83,117614.31,371.50937,117473.849,,0
2025-07-26 00:00:00,117614.31,117614.32,117330.24,117496.0,388.41101,117452.3892,,0
2025-07-26 01:00:00,117496.0,117550.9,117138.38,117153.73,266.66811,117420.344,,0
2025-07-26 02:00:00,117153.74,117750.0,117153.73,117469.0,391.82574,117388.524,,0
2025-07-26 03:00:00,117469.01,117603.0,117462.64,117489.62,175.33791,117356.4284,,0
2025-07-26 04:00:00,117489.61,117547.92,117396.95,117496.81,182.72574,117327.1526,,0
2025-07-26 05:00:00,117496.8,117541.19,117419.83,117444.99,155.81148,117306.274,,0
2025-07-26 06:00:00,117444.99,117458.0,117320.0,117350.71,213.86521,117294.45100000002,,0
2025-07-26 07:00:00,117350.71,117382.76,117304.46,117304.47,454.07762,117288.4494,,0
2025-07-26 08:00:00,117304.47,117615.12,117304.46,117557.14,259.96197,117290.256,,0
2025-07-26 09:00:00,117557.14,117617.65,117458.0,117570.6,190.39173,117273.3438,,0
2025-07-26 10:00:00,117570.6,118217.45,117545.1,117971.93,749.16688,117257.27679999999,,0
2025-07-26 11:00:00,117971.94,118072.41,117776.1,117776.11,349.789,117242.6574,,0
2025-07-26 12:00:00,117776.1,117990.0,117772.13,117914.17,171.77445,117233.461,,0
2025-07-26 13:00:00,117914.16,118220.0,117855.15,118125.24,341.83674,117223.96579999998,,0
2025-07-26 14:00:00,118125.24,118210.85,117956.0,118064.99,355.21897,117214.63719999998,,0
2025-07-26 15:00:00,118064.99,118142.87,117818.2,118130.1,434.76718,117212.68960000001,,0
2025-07-26 16:00:00,118130.1,118188.97,118011.0,118081.18,351.27128,117193.171,,0
2025-07-26 17:00:00,118081.19,118090.0,117990.0,118039.98,139.66952,117172.11760000001,,0
2025-07-26 18:00:00,118039.99,118099.99,117941.96,118095.15,195.55155,117163.4212,,0
2025-07-26 19:00:00,118095.16,118297.35,118040.0,118232.11,364.90102,117145.6046,,0
2025-07-26 20:00:00,118232.11,118232.12,117883.86,117956.32,249.16255,117123.8452,,0
2025-07-26 21:00:00,117956.32,118068.0,117888.2,118028.56,149.87446,117105.54800000001,,0
2025-07-26 22:00:00,118028.56,118276.66,117978.0,118007.02,289.29406,117091.24799999999,,0
2025-07-26 23:00:00,118007.03,118048.19,117890.0,117919.99,170.31788,117079.0974,,0
2025-07-27 00:00:00,117919.99,117961.89,117825.5,117952.0,131.17257,117072.5372,,0
2025-07-27 01:00:00,117951.99,118190.0,117920.0,118102.0,291.9617,117067.7574,,0
2025-07-27 02:00:00,118102.0,118358.18,118021.85,118309.99,398.69577,117080.666,,0
2025-07-27 03:00:00,118309.99,118309.99,118080.92,118182.83,185.67692,117097.1374,,0
2025-07-27 04:00:00,118182.83,118272.43,118149.19,118215.1,180.57499,117134.366,,0
2025-07-27 05:00:00,118215.09,118300.0,118160.84,118274.73,261.59962,117191.46740000001,,0
2025-07-27 06:00:00,118274.73,118438.83,118197.71,118263.4,218.37982,117234.68139999999,,0
2025-07-27 07:00:00,118263.4,118263.4,118066.74,118095.95,147.6577,117286.6004,,0
2025-07-27 08:00:00,118095.95,118129.75,117950.47,117950.47,201.29673,117339.92479999998,,0
2025-07-27 09:00:00,117950.47,117999.91,117859.98,117943.92,195.86439,117392.40299999999,,0
2025-07-27 10:00:00,117943.92,118292.86,117943.92,118184.92,257.644,117452.05040000001,,0
2025-07-27 11:00:00,118184.92,118255.32,118050.0,118072.71,181.16448,117492.8358,,0
2025-07-27 12:00:00,118072.71,118111.34,117890.0,118097.39,298.94425,117528.614,,0
2025-07-27 13:00:00,118097.39,118217.6,118085.87,118201.99,217.84311,117561.7822,,0
2025-07-27 14:00:00,118201.99,118499.0,118149.96,118422.16,467.70923,117608.10620000001,,0
2025-07-27 15:00:00,118422.16,118588.0,118236.84,118585.74,601.55506,117655.49559999998,,0
2025-07-27 16:00:00,118585.75,119540.01,118585.75,119090.45,2270.02899,117738.1044,,0
2025-07-27 17:00:00,119090.46,119334.88,118855.58,119196.69,652.20986,117807.4966,,0
2025-07-27 18:00:00,119196.68,119372.87,118942.9,119021.33,339.99317,117864.21680000001,,0
2025-07-27 19:00:00,119021.33,119073.91,118895.09,118960.0,156.14032,117922.56680000002,,0
2025-07-27 20:00:00,118960.01,119169.97,118713.74,118754.13,284.59066,117967.81880000001,,0
2025-07-27 21:00:00,118754.13,119270.15,118724.0,119265.76,238.52881,118019.362,,0
2025-07-27 22:00:00,119265.75,119766.65,119228.56,119495.17,773.18425,118068.46519999999,,0
2025-07-27 23:00:00,119495.16,119528.47,119119.53,119415.55,375.89279,118112.49160000001,,0
2025-07-28 00:00:00,119415.56,119690.32,119126.09,119236.72,466.02933,118151.6266,,0
2025-07-28 01:00:00,119236.72,119480.0,118960.5,119037.77,475.77219,118180.0958,,0
2025-07-28 02:00:00,119037.77,119800.0,119021.11,119434.14,578.13763,118218.85859999999,,0
2025-07-28 03:00:00,119434.14,119521.03,119234.37,119287.99,304.59253,118261.54379999998,,0
2025-07-28 04:00:00,119287.99,119423.58,119128.46,119218.05,341.10705,118296.52479999998,,0
2025-07-28 05:00:00,119218.06,119701.07,119138.24,119526.13,787.5627,118337.255,,0
2025-07-28 06:00:00,119526.13,119600.0,119440.0,119448.02,349.57844,118376.2792,,0
2025-07-28 07:00:00,119448.03,119448.03,118774.31,118900.0,881.81401,118405.37939999999,,0
2025-07-28 08:00:00,118900.01,119102.69,118777.98,119072.45,558.77409,118439.8142,,0
2025-07-28 09:00:00,119072.45,119072.45,118704.01,118930.87,367.39295,118472.34220000001,,0
2025-07-28 10:00:00,118930.88,118953.52,118620.22,118764.53,360.71138,118496.49,,0
2025-07-28 11:00:00,118764.54,118873.78,118475.47,118827.49,773.30378,118521.62779999999,,0
2025-07-28 12:00:00,118827.49,119093.68,118783.85,118845.24,779.03242,118539.094,,0
2025-07-28 13:00:00,118845.23,119085.79,118234.28,118434.78,1098.91827,118552.2674,,0
2025-07-28 14:00:00,118434.77,118685.02,117895.73,117985.93,1300.98009,118553.7026,,0
2025-07-28 15:00:00,117985.94,118500.0,117907.0,118174.9,613.6795,118554.69580000002,,0
2025-07-28 16:00:00,118174.89,118376.61,118003.55,118028.88,472.32021,118553.97360000001,,0
2025-07-28 17:00:00,118028.89,118112.24,117653.39,117667.86,789.85169,118544.72879999998,,0
2025-07-28 18:00:00,117667.86,117856.37,117427.5,117776.56,670.47028,118538.6364,,0
2025-07-28 19:00:00,117776.56,118244.46,117542.45,118068.73,642.91309,118539.21139999999,,0
2025-07-28 20:00:00,118068.73,118162.17,117500.09,118044.93,399.93343,118538.20700000001,,0
2025-07-28 21:00:00,118044.93,118350.01,117951.12,118106.9,334.38901,118535.7028,,0
2025-07-28 22:00:00,118106.89,118266.06,117762.51,117854.35,370.20373,118533.66340000002,,0
2025-07-28 23:00:00,117854.34,118172.37,117814.64,118062.32,244.27974,118534.33859999999,,0
2025-07-29 00:00:00,118062.32,118450.0,117539.68,117979.8,548.35859,118533.7942,,0
2025-07-29 01:00:00,117979.8,118247.62,117774.15,117774.16,264.65387,118530.87759999999,,0
2025-07-29 02:00:00,117774.15,118102.79,117450.0,118095.6,550.84159,118533.74960000001,,0
2025-07-29 03:00:00,118095.59,118800.0,118095.59,118764.85,879.02363,118547.00660000001,,0
2025-07-29 04:00:00,118764.85,118799.99,118416.66,118533.93,441.70806,118551.48539999999,,0
2025-07-29 05:00:00,118533.93,118852.0,118527.77,118800.0,475.07739,118563.82879999999,,0
2025-07-29 06:00:00,118799.99,119061.68,118731.74,118764.85,664.6105,118574.82380000001,,0
2025-07-29 07:00:00,118764.86,119273.36,118750.87,118882.37,998.59676,118586.9766,,0
2025-07-29 08:00:00,118882.37,119051.0,118764.86,118923.8,302.76278,118600.18460000001,,0
2025-07-29 09:00:00,118923.81,118985.0,118758.98,118784.79,385.26308,118613.9614,,0
2025-07-29 10:00:00,118784.8,118828.01,118300.0,118317.75,697.30138,118621.30700000002,,0
2025-07-29 11:00:00,118317.74,118592.39,118160.87,118592.38,577.62627,118634.27620000001,,0
2025-07-29 12:00:00,118592.38,119080.81,118450.0,118906.85,787.26429,118648.71479999999,,0
2025-07-29 13:00:00,118906.85,119029.54,118527.01,118621.27,657.45227,118659.686,,0
2025-07-29 14:00:00,118621.27,118635.58,117701.0,117823.67,1328.2906,118654.2116,,0
2025-07-29 15:00:00,117823.66,117955.39,117272.0,117400.01,1400.94922,118638.17199999999,,0
2025-07-29 16:00:00,117400.02,117758.13,116950.75,117739.03,1125.1565,118624.5094,,0
2025-07-29 17:00:00,117739.03,118057.05,117629.99,117773.69,512.49259,118608.2684,,0
2025-07-29 18:00:00,117773.69,117824.59,117482.4,117606.72,260.60632,118578.5938,,0
2025-07-29 19:00:00,117606.74,118000.0,117420.0,117525.29,542.80793,118545.1658,,0
2025-07-29 20:00:00,117525.28,117871.39,117094.96,117514.28,823.80047,118515.02479999998,,0
2025-07-29 21:00:00,117514.49,117701.1,117190.83,117606.79,470.68677,118487.96059999999,,0
2025-07-29 22:00:00,117606.79,117860.0,117459.04,117848.03,239.80039,118469.83859999999,,0
2025-07-29 23:00:00,117848.03,118000.0,117729.8,117950.76,202.8032,118443.5386,,0
2025-07-30 00:00:00,117950.75,117995.98,117538.15,117744.77,246.31499,118408.5306,118081.45265,1
2025-07-30 01:00:00,117744.78,118012.78,117412.53,117862.05,234.85179,118377.4606,118081.5238,1
2025-07-30 02:00:00,117862.05,118119.0,117796.14,118024.11,330.69294,118353.2084,118085.83295,1
2025-07-30 03:00:00,118024.1,118250.0,117905.61,118161.87,414.52534,118335.69039999999,118092.80395,1
2025-07-30 04:00:00,118161.86,118275.18,117963.65,117993.52,266.35002,118306.87800000001,118098.07454999998,1
2025-07-30 05:00:00,117993.52,118080.0,117667.33,117992.26,269.77024,118280.9634,118101.95959999999,1
2025-07-30 06:00:00,117992.26,118326.56,117992.25,118287.31,396.72321,118262.34860000001,118106.65135,1
2025-07-30 07:00:00,118287.31,118412.11,118118.0,118123.01,299.24616,118234.28620000002,118110.36460000002,1
2025-07-30 08:00:00,118123.0,118481.81,117939.99,118372.73,466.68398,118212.78039999999,118116.6098,1
2025-07-30 09:00:00,118372.73,118427.98,117985.98,118164.08,298.15038,118198.06199999999,118118.68014999999,1
2025-07-30 10:00:00,118164.08,118471.69,117928.13,118020.18,816.03502,118177.0166,118123.64199999999,1
2025-07-30 11:00:00,118020.17,118184.0,117358.84,117579.99,647.14857,118149.99899999998,118125.49195,1
2025-07-30 12:00:00,117579.99,117909.01,117358.84,117739.02,676.38941,118129.4888,118131.412,0
2025-07-30 13:00:00,117739.02,117888.0,117415.62,117675.79,901.27996,118106.4548,118133.14459999999,0
2025-07-30 14:00:00,117675.78,118728.15,117610.93,118714.35,1103.46809,118103.837,118137.48005000001,0
2025-07-30 15:00:00,118714.35,118792.0,117834.24,118000.01,1113.77866,118095.14159999999,118137.5617,0
2025-07-30 16:00:00,118000.01,118021.88,117635.3,117734.8,710.50243,118090.119,118134.78575,0
2025-07-30 17:00:00,117734.8,117940.0,117650.0,117802.1,591.37855,118082.663,118131.8008,0
2025-07-30 18:00:00,117802.11,118037.18,116509.47,116523.14,1846.61677,118052.54819999999,118119.63655000001,0
2025-07-30 19:00:00,116523.15,117123.8,115796.23,116916.73,2572.65277,118037.52560000001,118108.44524999999,0
2025-07-30 20:00:00,116916.73,117325.94,116880.64,117175.71,515.7628,118025.5086,118097.8553,0
2025-07-30 21:00:00,117175.72,117336.34,116955.64,117326.82,214.49198,118010.6704,118093.7503,0
2025-07-30 22:00:00,117326.82,117497.17,117253.73,117486.49,316.24088,117999.50159999999,118085.88275,0
2025-07-30 23:00:00,117486.48,117908.4,117460.0,117840.3,337.68137,117994.16960000001,118080.52404999999,0
2025-07-31 00:00:00,117840.29,118542.39,117781.87,118415.8,800.0686,118005.3986,118079.19674999999,0
2025-07-31 01:00:00,118415.8,118456.46,117992.71,118055.32,463.81141,118005.25860000002,118073.4764,0
2025-07-31 02:00:00,118055.32,118520.32,117981.02,118447.52,585.37259,118014.61300000001,118067.04555,0
2025-07-31 03:00:00,118447.52,118600.0,118385.0,118466.14,458.32072,118028.4526,118062.96574999999,0
2025-07-31 04:00:00,118466.15,118550.0,118364.13,118511.53,359.32077,118036.77119999999,118057.00700000001,0
2025-07-31 05:00:00,118511.52,118540.0,118331.63,118362.0,277.83295,118028.7142,118051.81700000001,0
2025-07-31 06:00:00,118362.01,118725.59,118287.63,118691.78,552.35653,118031.87120000001,118046.05475,0
2025-07-31 07:00:00,118691.79,118922.45,118604.22,118665.97,718.45709,118029.1906,118039.6125,0
2025-07-31 08:00:00,118665.98,118770.07,118568.46,118593.94,310.28437,118025.7724,118034.84939999999,0
2025-07-31 09:00:00,118593.95,118617.96,118467.65,118605.58,248.44101,118020.2366,118030.43620000001,0
2025-07-31 10:00:00,118605.58,118719.42,118435.72,118505.02,285.13996,118011.86099999999,118027.50765,0
2025-07-31 11:00:00,118505.02,118560.0,118278.91,118371.25,446.34097,118003.59019999999,118026.29305,0
2025-07-31 12:00:00,118371.25,118645.1,118285.14,118626.18,435.85485,118009.7588,118024.44395,0
2025-07-31 13:00:00,118626.19,118702.1,117807.35,118557.01,806.82751,118009.05140000001,118024.0038,0
2025-07-31 14:00:00,118557.01,118660.17,117901.68,117913.18,1043.63162,117989.17800000001,118021.47975,0
2025-07-31 15:00:00,117913.19,118351.0,117894.99,118306.18,1170.96697,117982.8762,118021.2589,0
2025-07-31 16:00:00,118306.18,118879.14,118242.39,118538.53,876.32003,117997.1734,118021.83549999999,0
2025-07-31 17:00:00,118538.53,118557.71,117702.42,117728.0,1032.83499,118003.7332,118020.27549999999,0
2025-07-31 18:00:00,117728.0,117998.38,117400.0,117658.8,946.75341,118002.1286,118016.70889999998,0
2025-07-31 19:00:00,117658.81,117762.05,116763.43,116785.79,1372.31175,117982.37060000001,118007.94555000002,0
2025-07-31 20:00:00,116785.78,116990.04,116450.0,116514.0,975.87757,117960.5162,118000.61205,0
2025-07-31 21:00:00,116514.0,116909.67,116228.77,116536.96,742.76679,117940.7496,117996.38965,0
2025-07-31 22:00:00,116536.96,116536.97,116010.0,116010.6,834.08855,117910.67600000002,117985.41769999999,0
2025-07-31 23:00:00,116010.6,116362.99,115500.0,115764.08,1266.02629,117873.82180000002,117971.40115,0
2025-08-01 00:00:00,115764.07,115933.0,114313.13,115427.27,2526.88761,117825.4066,117959.97485,0
2025-08-01 01:00:00,115427.27,115609.99,114600.0,115331.86,1656.04021,117773.02860000002,117945.9742,0
2025-08-01 02:00:00,115328.67,116019.3,115221.07,115966.12,704.95562,117737.4556,117933.90754999999,0
2025-08-01 03:00:00,115966.11,116052.0,115613.21,115648.03,552.44227,117693.1752,117920.1795,0
2025-08-01 04:00:00,115648.03,115699.58,115266.64,115695.52,571.24791,117646.60339999999,117909.1571,0
2025-08-01 05:00:00,115695.53,115916.43,115385.92,115568.0,511.19199,117594.72600000001,117896.0903,0
2025-08-01 06:00:00,115568.0,115658.09,115065.55,115156.51,629.39718,117537.9858,117879.02790000002,0
2025-08-01 07:00:00,115156.52,115300.0,114633.18,115081.77,1240.67026,117479.776,117860.6568,0
2025-08-01 08:00:00,115081.76,115081.76,114116.0,114615.99,1432.56065,117406.34959999999,117838.43675,0
2025-08-01 09:00:00,114615.98,115340.0,114555.41,114938.67,848.20925,117342.66279999999,117817.6581,0
2025-08-01 10:00:00,114938.66,115203.13,114710.02,114762.58,563.088,117270.45980000001,117796.66799999999,0
2025-08-01 11:00:00,114762.58,115336.98,114602.4,115305.65,494.67127,117213.2912,117780.75165,0
2025-08-01 12:00:00,115305.64,115900.0,115142.62,115732.48,1062.63539,117167.53719999999,117769.70475000002,0
2025-08-01 13:00:00,115732.48,116019.3,114172.0,114352.05,1584.07705,117102.97840000002,117753.44225,0
2025-08-01 14:00:00,114352.04,115831.28,113988.47,115619.8,1808.99,117060.594,117744.20719999999,0
2025-08-01 15:00:00,115619.8,115645.57,114676.03,115357.82,870.26042,117014.2346,117728.91525,0
2025-08-01 16:00:00,115357.82,115695.52,114817.81,115015.6,703.92463,116940.2596,117710.11685,0
2025-08-01 17:00:00,115015.6,115096.93,114345.0,114420.0,956.24887,116868.65940000002,117689.68145000002,0
2025-08-01 18:00:00,114420.0,114496.59,113669.01,113836.93,1180.88823,116790.70199999999,117666.99615,0
2025-08-01 19:00:00,113836.92,113922.47,113221.93,113328.68,1294.41329,116701.23359999999,117640.63955,0
2025-08-01 20:00:00,113328.67,113980.0,113168.22,113951.09,957.20378,116649.79260000002,117617.73790000001,0
2025-08-01 21:00:00,113951.1,114094.08,113700.0,113892.12,429.29775,116589.3004,117596.0611,0
2025-08-01 22:00:00,113892.11,114010.82,112722.58,113141.05,1368.89305,116508.60720000001,117566.4808,0
2025-08-01 23:00:00,113141.05,113560.46,112908.54,113297.93,538.90738,116428.0294,117537.5072,0
2025-08-02 00:00:00,113297.92,113844.16,113198.63,113822.97,564.28406,116354.759,117513.9722,0
2025-08-02 01:00:00,113822.97,113909.3,113420.76,113674.24,353.21281,116271.4378,117486.72869999999,0
2025-08-02 02:00:00,113674.23,113766.43,113534.3,113702.24,231.27114,116177.1666,117460.01845,0
2025-08-02 03:00:00,113702.24,113921.94,113702.24,113909.86,274.2046,116094.25739999999,117434.85065,0
2025-08-02 04:00:00,113909.87,114057.27,113820.0,114025.75,276.30204,116005.82199999999,117411.36929999999,0
2025-08-02 05:00:00,114025.76,114063.49,113855.01,113981.06,316.01705,115916.12040000001,117388.63699999999,0
2025-08-02 06:00:00,113981.07,113981.07,113469.43,113697.85,738.65234,115819.8468,117365.7262,0
2025-08-02 07:00:00,113697.85,114021.0,113556.19,113982.49,343.41858,115732.25660000001,117343.9337,0
2025-08-02 08:00:00,113982.49,114040.29,113676.81,113682.01,340.52067,115632.0612,117324.02095,0
2025-08-02 09:00:00,113682.01,113852.0,113572.19,113690.7,257.96721,115532.5558,117305.67814999999,0
2025-08-02 10:00:00,113690.71,113704.0,113425.58,113550.89,298.16298,115431.69479999998,117291.66425,0
2025-08-02 11:00:00,113550.89,113914.25,113451.77,113787.12,238.71141,115335.32559999998,117283.50155000002,0
2025-08-02 12:00:00,113787.11,113787.12,113564.99,113620.01,343.54746,115237.6254,117271.08810000001,0
2025-08-02 13:00:00,113620.01,113630.0,113218.0,113457.85,451.43917,115139.35740000001,117260.87735000001,0
2025-08-02 14:00:00,113457.86,113530.0,112939.39,113099.89,592.6822,115028.8316,117249.95555000001,0
2025-08-02 15:00:00,113099.9,113420.0,112802.31,112840.71,535.05988,114914.50559999999,117237.55905,0
2025-08-02 16:00:00,112840.7,113261.16,112700.07,113200.25,635.18022,114820.24699999999,117227.54754999999,0
2025-08-02 17:00:00,113200.25,113420.0,112584.23,112724.03,549.02438,114708.604,117211.00050000001,0
2025-08-02 18:00:00,112724.04,112920.0,112099.22,112327.65,1222.82947,114584.3864,117191.09634999999,0
2025-08-02 19:00:00,112327.65,112945.62,112003.0,112229.42,1007.67252,114474.4148,117169.52554999999,0
2025-08-02 20:00:00,112229.42,112780.0,112069.86,112780.0,524.00327,114376.83880000001,117152.89575,0
2025-08-02 21:00:00,112780.0,113058.82,112562.02,112859.32,390.78856,114298.3094,117136.11099999999,0
2025-08-02 22:00:00,112859.32,113011.63,112555.0,112862.14,295.9162,114225.2722,117125.62165000002,0
2025-08-02 23:00:00,112862.14,112873.83,112280.86,112546.35,726.46606,114145.46,117109.718,0
2025-08-03 00:00:00,112546.35,112992.27,111920.0,112956.04,821.53565,114084.3688,117093.5716,0
2025-08-03 01:00:00,112956.04,113269.92,112841.46,113107.99,481.50444,114031.24699999999,117078.89904999999,0
2025-08-03 02:00:00,113107.99,113517.58,113100.0,113517.58,450.43769,113993.05320000001,117064.0293,0
2025-08-03 03:00:00,113517.58,113740.69,113419.45,113604.2,353.06632,113958.5,117048.6073,0
2025-08-03 04:00:00,113604.2,113604.2,113341.06,113468.41,237.62179,113908.54579999998,117030.74930000001,0
2025-08-03 05:00:00,113468.41,113659.0,113408.22,113618.52,203.79543,113867.9556,117012.77075000001,0
2025-08-03 06:00:00,113618.52,113636.5,113472.54,113559.34,147.54012,113825.23199999999,116994.1676,0
2025-08-03 07:00:00,113559.34,113720.16,113559.34,113700.0,175.31963,113787.87199999999,116974.59605000001,0
2025-08-03 08:00:00,113700.0,113790.0,113551.0,113692.0,282.38474,113758.5818,116955.57605,0
2025-08-03 09:00:00,113692.01,113710.51,113630.3,113654.95,234.09945,113730.0454,116938.08215,0
2025-08-03 10:00:00,113654.95,113900.0,113654.94,113899.99,181.60816,113715.72540000001,116920.23709999998,0
2025-08-03 11:00:00,113899.99,114260.31,113861.18,113862.18,562.11642,113694.1956,116902.09989999999,0
2025-08-03 12:00:00,113862.19,114098.45,113656.4,114009.99,337.34488,113679.1438,116884.6658,0
2025-08-03 13:00:00,114010.0,114095.35,113803.0,113939.0,257.53926,113651.8108,116867.13585,0
2025-08-03 14:00:00,113939.0,114065.54,113579.69,113792.28,320.16676,113613.0068,116849.34370000001,0
2025-08-03 15:00:00,113792.29,113966.0,113674.05,113959.06,216.51596,113605.147,116832.61665000001,0
2025-08-03 16:00:00,113959.06,114026.82,113775.55,113995.16,246.66079,113572.6542,116814.80675,0
2025-08-03 17:00:00,113995.15,114165.09,113953.97,114117.42,198.95641,113547.84620000001,116797.54084999999,0
2025-08-03 18:00:00,114117.42,114460.15,114060.36,114380.4,361.64858,113535.14219999999,116779.58320000001,0
2025-08-03 19:00:00,114380.41,114799.97,114259.95,114313.19,447.69931,113533.006,116762.2686,0
2025-08-03 20:00:00,114313.19,114467.0,114163.49,114423.77,200.81959,113544.74279999999,116744.8166,0
2025-08-03 21:00:00,114423.77,114521.68,114363.46,114435.47,223.44858,113566.87860000001,116726.36775,0
2025-08-03 22:00:00,114435.46,114612.24,114066.56,114324.83,237.81327,113574.35339999999,116707.66694999998,0
2025-08-03 23:00:00,114324.84,114500.0,114176.0,114208.8,218.11723,113580.687,116688.06045,0
2025-08-04 00:00:00,114208.81,114914.29,114107.6,114899.87,508.31725,113615.8634,116672.1539,0
2025-08-04 01:00:00,114899.86,115000.0,114620.14,114671.96,423.44241,113643.344,116655.3138,0
2025-08-04 02:00:00,114671.96,114877.98,114418.68,114797.9,351.22547,113662.8426,116638.82754999999,0
2025-08-04 03:00:00,114797.9,114799.0,114527.73,114570.61,242.02073,113680.77,116620.52004999999,0
2025-08-04 04:00:00,114570.61,114653.51,114345.74,114383.55,269.38623,113694.39619999999,116602.6562,0
2025-08-04 05:00:00,114383.54,114418.75,114188.0,114391.26,265.57526,113704.0242,116584.4697,0
2025-08-04 06:00:00,114391.26,114482.49,114148.58,114423.76,331.16254,113711.98440000002,116566.5534,0
2025-08-04 07:00:00,114423.77,114778.5,114402.45,114652.97,355.14904,113725.42259999999,116550.21829999998,0
2025-08-04 08:00:00,114652.98,114750.0,114360.99,114546.25,411.15429,113742.3906,116533.18954999998,0
2025-08-04 09:00:00,114546.25,114744.2,114302.29,114325.92,278.67574,113749.2592,116514.30914999999,0
2025-08-04 10:00:00,114325.92,114506.16,114234.58,114251.83,264.56078,113760.6556,116494.01835000001,0
2025-08-04 11:00:00,114251.83,114517.55,114217.97,114493.09,234.25413,113776.7034,116475.56965000002,0
2025-08-04 12:00:00,114493.09,114535.48,114327.95,114444.36,221.8459,113794.57280000001,116456.71595000001,0
2025-08-04 13:00:00,114444.36,114913.89,114121.0,114913.88,839.66562,113817.10800000001,116439.9117,0
2025-08-04 14:00:00,114913.89,115466.0,114652.96,114736.78,1386.32387,113839.4434,116422.27860000002,0
2025-08-04 15:00:00,114736.78,115022.97,114560.33,114826.0,437.62587,113866.8064,116405.92885,0
2025-08-04 16:00:00,114826.01,115405.22,114826.0,115301.0,612.68493,113910.82860000001,116392.6815,0
2025-08-04 17:00:00,115301.0,115720.0,115148.08,115193.41,546.48208,113957.8826,116378.92895000002,0
2025-08-04 18:00:00,115193.41,115312.76,114913.88,114957.64,298.66935,113993.0304,116362.79254999998,0
2025-08-04 19:00:00,114957.63,115134.46,114732.65,114777.62,385.27982,114034.10220000001,116346.31709999999,0
2025-08-04 20:00:00,114777.62,115076.34,114616.33,114811.96,363.41688,114083.7884,116329.88995000001,0
2025-08-04 21:00:00,114811.95,115258.62,114810.75,115111.09,229.85173,114141.4218,116314.43545,0
2025-08-04 22:00:00,115111.09,115325.88,115086.72,115325.88,225.85251,114192.3394,116298.95405,0
2025-08-04 23:00:00,115325.88,115340.0,115046.67,115055.03,185.05673,114236.25360000001,116281.30050000001,0
2025-08-05 00:00:00,115055.03,115127.81,114840.0,114886.96,347.41151,114276.75,116260.28305,0
2025-08-05 01:00:00,114886.97,115046.68,114695.18,114708.11,309.55292,114319.9852,116237.84015,0
2025-08-05 02:00:00,114708.11,114827.79,114614.94,114719.27,238.27103,114355.2498,116216.32985,0
2025-08-05 03:00:00,114719.27,114737.82,114256.85,114256.85,503.68849,114378.227,116192.8141,0
2025-08-05 04:00:00,114256.85,114426.65,114149.95,114338.06,577.56577,114394.6366,116170.73375,0
2025-08-05 05:00:00,114338.07,114487.25,114239.87,114405.99,337.63342,114410.6724,116146.43490000001,0
2025-08-05 06:00:00,114406.0,114500.66,114105.71,114178.63,389.84213,114424.87680000001,116119.85220000001,0
2025-08-05 07:00:00,114178.64,114395.3,113725.72,113969.7,820.50191,114431.90039999998,116092.62295,0
2025-08-05 08:00:00,113969.7,114540.0,113928.87,114281.09,460.31877,114446.33540000001,116067.8448,0
2025-08-05 09:00:00,114281.09,114792.72,114281.08,114694.76,482.30599,114466.23060000001,116046.12975,0
2025-08-05 10:00:00,114694.76,115096.73,114586.73,114841.27,438.67573,114489.216,116023.16540000001,0
2025-08-05 11:00:00,114841.28,114972.0,114750.0,114827.07,212.26183,114512.6584,116000.8608,0
2025-08-05 12:00:00,114827.07,114893.13,113500.01,113937.35,935.92869,114513.40559999998,115974.45730000001,0
2025-08-05 13:00:00,113937.35,114573.17,113868.0,114381.43,634.93972,114523.79060000001,115948.73379999999,0
2025-08-05 14:00:00,114380.75,114386.37,112650.0,113037.12,2125.43779,114504.33320000001,115916.6793,0
2025-08-05 15:00:00,113037.12,113249.11,112692.3,112934.0,894.1622,114484.2332,115886.8493,0
2025-08-05 16:00:00,112934.0,113367.31,112815.68,113175.73,505.57628,114471.90220000001,115857.36570000001,0
2025-08-05 17:00:00,113175.73,113661.96,113096.0,113640.01,359.20465,114465.52119999999,115830.91139999998,0
2025-08-05 18:00:00,113640.01,113653.93,113261.79,113644.71,313.62971,114458.51219999998,115805.3123,0
2025-08-05 19:00:00,113644.72,113763.27,113407.35,113616.52,256.1101,114448.4942,115779.25744999999,0
2025-08-05 20:00:00,113616.51,113989.97,113494.47,113690.71,242.46818,114434.70040000002,115753.4848,0
2025-08-05 21:00:00,113690.71,113862.45,113569.07,113606.53,183.41893,114420.5672,115729.34355,0
2025-08-05 22:00:00,113606.52,113989.4,113304.0,113961.25,268.24607,114411.31680000002,115709.22015000001,0
2025-08-05 23:00:00,113961.25,114228.88,113918.4,114129.75,205.63896,114405.20240000001,115688.99440000001,0
2025-08-06 00:00:00,114129.75,114139.38,113748.67,113879.7,295.3476,114396.29979999998,115668.2485,0
2025-08-06 01:00:00,113879.69,113945.14,113588.77,113821.21,292.50885,114388.54800000001,115649.01525,0
2025-08-06 02:00:00,113820.77,113833.88,113491.76,113623.22,206.78627,114363.015,115628.24855,0
2025-08-06 03:00:00,113623.23,113658.13,113400.0,113509.97,266.89492,114339.77519999999,115605.45474999999,0
2025-08-06 04:00:00,113509.98,113582.71,113355.13,113429.21,248.98133,114312.4014,115582.37615,0
2025-08-06 05:00:00,113429.21,114417.02,113384.81,114148.01,602.70557,114303.9494,115562.5817,0
2025-08-06 06:00:00,114148.01,114200.0,113933.23,114084.93,265.65128,114297.97700000001,115543.73460000001,0
2025-08-06 07:00:00,114084.92,114300.0,114019.66,114227.91,319.69253,114294.71000000002,115524.56255,0
2025-08-06 08:00:00,114227.9,114250.0,113727.57,113948.22,382.35629,114285.1992,115504.40465,0
2025-08-06 09:00:00,113948.23,114368.31,113906.96,114093.15,340.97337,114274.00279999999,115485.9996,0
2025-08-06 10:00:00,114093.15,114226.69,113899.2,114067.2,335.97303,114264.4218,115465.85760000002,0
2025-08-06 11:00:00,114067.2,114404.23,114007.85,114226.69,220.99495,114262.4372,115443.16679999999,0
2025-08-06 12:00:00,114226.68,114333.59,113809.02,113914.31,306.06988,114255.6868,115420.0687,0
2025-08-06 13:00:00,113914.31,114390.88,113579.9,114270.09,671.195,114251.2268,115397.41915000002,0
2025-08-06 14:00:00,114270.09,115200.0,113869.88,115187.96,1041.66895,114266.09879999999,115379.53469999999,0
2025-08-06 15:00:00,115187.96,115515.09,114832.38,115413.87,1490.7463,114276.0986,115362.1922,0
2025-08-06 16:00:00,115413.87,115477.06,114942.18,115132.49,642.38859,114284.0128,115343.23565000002,0
2025-08-06 17:00:00,115132.49,115514.28,115024.0,115500.0,392.98209,114297.49279999999,115326.81170000002,0
2025-08-06 18:00:00,115500.0,115716.0,115301.27,115423.22,479.34282,114299.93719999999,115312.33905000001,0
2025-08-06 19:00:00,115423.23,115525.48,115118.8,115259.99,213.24559,114301.2688,115295.67709999999,0
2025-08-06 20:00:00,115260.0,115260.0,114987.68,115045.64,210.50571,114303.02879999999,115276.37105,0
2025-08-06 21:00:00,115045.65,115221.14,114793.01,115048.78,185.66057,114308.45199999999,115258.50860000002,0
2025-08-06 22:00:00,115048.77,115210.95,115039.14,115106.67,165.26512,114314.34619999999,115244.9236,0
2025-08-06 23:00:00,115106.66,115122.34,114963.2,114992.27,183.21657,114311.9698,115232.88489999999,0
2025-08-07 00:00:00,114992.27,115015.82,114856.15,114890.65,163.37387,114303.2652,115218.64300000001,0
2025-08-07 01:00:00,114890.66,115185.58,114580.53,114763.46,404.60721,114297.43379999998,115203.59185000001,0
2025-08-07 02:00:00,114763.47,114859.0,114404.22,114565.28,452.19409,114291.0002,115188.38464999999,0
2025-08-07 03:00:00,114564.76,114624.3,114404.7,114546.03,172.73916,114287.75860000002,115173.48835000001,0
2025-08-07 04:00:00,114546.03,114648.0,114259.0,114349.58,270.06529,114280.36480000001,115157.66485,0
2025-08-07 05:00:00,114349.58,114568.74,114278.02,114568.73,404.27424,114286.6024,115142.47455,0
2025-08-07 06:00:00,114568.74,114784.0,114511.96,114650.01,387.25216,114292.84139999999,115126.48445,0
2025-08-07 07:00:00,114650.01,114876.79,114640.03,114787.99,229.36946,114300.48139999999,115110.67059999998,0
2025-08-07 08:00:00,114787.99,115179.99,114787.98,114948.74,302.6219,114315.8836,115096.69045,0
2025-08-07 09:00:00,114948.74,115077.37,114844.78,115062.19,216.94309,114337.73340000001,115082.69115,0
2025-08-07 10:00:00,115062.19,116430.01,115038.06,116347.22,1912.68886,114379.056,115074.3067,0
2025-08-07 11:00:00,116347.23,116828.93,116347.23,116519.53,1265.855,114415.55140000001,115066.095,0
2025-08-07 12:00:00,116519.54,116588.02,116035.84,116390.0,797.0617,114446.52600000001,115058.07740000001,0
2025-08-07 13:00:00,116390.01,116741.05,116200.0,116640.0,668.99023,114482.78460000001,115051.3161,0
2025-08-07 14:00:00,116640.01,116680.0,116204.32,116363.16,793.48345,114531.3008,115041.69535,0
2025-08-07 15:00:00,116363.16,116791.11,116240.0,116689.81,487.19639,114577.4684,115034.52935000001,0
2025-08-07 16:00:00,116689.8,116748.66,115632.31,116259.24,767.87711,114641.9108,115023.9619,0
2025-08-07 17:00:00,116259.24,116560.0,116120.0,116511.54,505.06396,114713.4616,115015.6992,0
2025-08-07 18:00:00,116511.55,116573.36,116123.72,116561.05,422.06821,114781.168,115008.40355,0
2025-08-07 19:00:00,116561.05,117520.0,116488.0,117461.98,1040.61628,114857.60740000001,115007.81349999999,0
2025-08-07 20:00:00,117461.99,117496.05,117140.32,117182.19,510.82309,114928.35700000002,115005.02935000001,0
2025-08-07 21:00:00,117182.19,117354.21,117012.0,117105.78,337.78727,114998.1422,115002.1793,0
2025-08-07 22:00:00,117105.77,117621.0,117079.39,117554.23,676.81999,115075.4126,114996.37869999999,1
2025-08-07 23:00:00,117554.23,117579.98,117292.88,117472.01,278.79062,115152.72219999999,114993.73870000002,1
2025-08-08 00:00:00,117472.02,117630.0,116870.21,117264.12,806.35514,115218.7796,114991.38530000001,1
2025-08-08 01:00:00,117264.11,117264.12,116786.43,116888.02,659.33735,115273.945,114986.8149,1
2025-08-08 02:00:00,116888.01,116923.21,116694.28,116700.0,320.47308,115330.35100000001,114987.6992,1
2025-08-08 03:00:00,116700.0,116980.0,116699.6,116737.35,607.75417,115388.67379999999,114986.80230000001,1
2025-08-08 04:00:00,116737.34,116869.49,116666.0,116750.01,325.84463,115451.20959999999,114984.6738,1
2025-08-08 05:00:00,116750.01,116750.01,116505.0,116530.63,346.36157,115511.6228,114980.69285,1
2025-08-08 06:00:00,116530.64,116763.44,116401.0,116740.01,336.4827,115577.83880000001,114976.96045,1
2025-08-08 07:00:00,116740.01,116973.3,116557.54,116817.19,447.58601,115631.2224,114971.8449,1
2025-08-08 08:00:00,116817.2,116914.6,116449.51,116620.63,335.47963,115681.93639999999,114962.86905000001,1
2025-08-08 09:00:00,116620.63,116726.88,116481.44,116685.17,231.14843,115731.08159999998,114956.0183,1
2025-08-08 10:00:00,116685.17,116714.46,116317.08,116544.39,331.86082,115783.005,114946.50265000001,1
2025-08-08 11:00:00,116544.39,116899.78,116544.39,116891.51,210.49123,115838.9722,114938.62950000001,1
2025-08-08 12:00:00,116891.51,116891.52,116492.45,116500.48,293.02279,115887.63780000001,114928.57424999999,1
2025-08-08 13:00:00,116500.49,116945.63,116499.43,116917.97,612.94206,115941.4634,114921.3541,1
2025-08-08 14:00:00,116917.98,117271.73,116381.32,116491.53,725.75392,115993.0078,114910.35285,1
2025-08-08 15:00:00,116491.53,116538.94,115878.71,116207.69,909.09971,116031.7598,114898.06145,1
2025-08-08 16:00:00,116207.7,116364.82,116006.14,116193.63,344.02759,116051.8732,114886.05990000001,1
2025-08-08 17:00:00,116193.63,116708.86,116161.11,116708.86,450.81243,116077.773,114876.57629999999,1
2025-08-08 18:00:00,116708.86,116900.0,116336.0,116497.99,571.6669,116105.08300000001,114866.54115,1
2025-08-08 19:00:00,116497.99,116716.26,116337.91,116453.41,324.29021,116124.1512,114856.95195,1
2025-08-08 20:00:00,116453.41,116900.0,116319.06,116888.52,248.65741,116153.4572,114848.26365000001,1
2025-08-08 21:00:00,116888.52,116979.95,116755.53,116931.44,257.90138,116186.88620000001,114840.1358,1
2025-08-08 22:00:00,116931.43,116980.0,116752.05,116888.9,210.4007,116223.75140000001,114835.0144,1
2025-08-08 23:00:00,116888.9,116917.74,116657.26,116674.74,137.56292,116256.2706,114826.85719999998,1
2025-08-09 00:00:00,116674.74,116750.0,116577.72,116586.0,153.621,116285.85720000001,114817.09455,1
2025-08-09 01:00:00,116586.0,116650.01,116521.38,116563.26,163.11531,116317.27699999999,114811.27085000002,1
2025-08-09 02:00:00,116563.26,116563.26,116400.0,116404.0,173.10957,116347.54400000001,114804.99685000001,1
2025-08-09 03:00:00,116404.0,116482.28,116299.13,116384.01,482.04648,116379.955,114802.98795,1
2025-08-09 04:00:00,116384.01,116675.99,116339.45,116434.76,377.42502,116417.34460000001,114802.59174999999,1
2025-08-09 05:00:00,116434.77,116980.0,116418.0,116739.23,1012.58137,116461.2086,114803.60310000001,1
2025-08-09 06:00:00,116739.23,116756.24,116532.77,116650.75,388.30445,116507.23199999999,114806.80385,1
2025-08-09 07:00:00,116650.75,116902.22,116633.88,116756.01,242.70175,116550.9776,114811.76350000002,1
2025-08-09 08:00:00,116756.0,117181.0,116756.0,117106.65,373.19101,116600.1104,114820.1604,1
2025-08-09 09:00:00,117106.66,117510.88,117045.54,117510.87,774.92238,116654.56800000001,114831.05545,1
2025-08-09 10:00:00,117510.88,117944.05,117382.27,117424.16,867.64459,116704.0764,114838.34565000002,1
2025-08-09 11:00:00,117424.16,117471.73,117082.43,117110.0,337.61342,116745.03259999999,114845.65550000001,1
2025-08-09 12:00:00,117110.0,117238.04,117010.0,117116.64,301.63531,116760.421,114852.76110000002,1
2025-08-09 13:00:00,117116.65,117154.15,116878.68,116968.32,306.03785,116769.3968,114859.76269999999,1
2025-08-09 14:00:00,116968.32,117000.0,116748.2,116972.87,357.09924,116781.0542,114868.84449999999,1
2025-08-09 15:00:00,116972.87,117132.75,116700.01,116892.47,417.89197,116786.10359999999,114877.89799999999,1
2025-08-09 16:00:00,116892.48,116947.16,116642.67,116648.51,288.56338,116791.81060000001,114888.06060000001,1
2025-08-09 17:00:00,116648.51,116782.46,116619.77,116670.22,252.00135,116791.41879999998,114896.71835,1
2025-08-09 18:00:00,116670.22,116720.96,116555.02,116634.91,227.07359,116798.93219999998,114906.08,1
2025-08-09 19:00:00,116634.91,116721.74,116500.0,116535.69,435.14207,116799.41519999999,114912.23019999999,1
2025-08-09 20:00:00,116535.68,117021.16,116504.53,116778.07,562.07841,116803.75559999999,114917.45814999999,1
2025-08-09 21:00:00,116778.07,116794.4,116359.89,116524.09,452.45503,116784.99780000001,114928.31835000002,1
2025-08-09 22:00:00,116524.09,116742.28,116500.0,116541.63,406.75315,116772.1866,114932.9275,1
2025-08-09 23:00:00,116541.62,116590.0,116436.15,116462.25,161.12374,116759.31599999999,114938.44965,1
2025-08-10 00:00:00,116462.25,116759.08,116460.63,116749.47,289.53628,116743.2208,114947.119,1
2025-08-10 01:00:00,116749.46,116776.59,116539.99,116576.42,275.18169,116725.30900000001,114957.90109999999,1
2025-08-10 02:00:00,116576.42,117318.0,116576.41,117317.99,579.74957,116726.3864,114975.30639999999,1
2025-08-10 03:00:00,117317.99,118500.0,117250.41,118500.0,2748.2157,116758.62599999999,115001.16299999999,1
2025-08-10 04:00:00,118500.0,118741.77,118380.0,118485.45,980.85579,116794.335,115023.83480000001,1
2025-08-10 05:00:00,118485.45,118511.0,117902.62,118045.0,566.81947,116820.48800000001,115044.5992,1
2025-08-10 06:00:00,118045.0,118161.05,117743.44,118074.24,319.46299,116846.9726,115069.26515,1
2025-08-10 07:00:00,118074.24,118238.87,117466.34,117808.3,576.94555,116872.52600000001,115091.81700000001,1
2025-08-10 08:00:00,117808.29,118400.0,117608.01,118308.85,375.95884,116903.9028,115114.2464,1
2025-08-10 09:00:00,118308.86,118441.48,118110.64,118293.08,372.51661,116933.42060000001,115137.34060000001,1
2025-08-10 10:00:00,118293.09,118293.45,117998.9,118020.0,328.37693,116961.40800000001,115158.9294,1
2025-08-10 11:00:00,118020.01,118500.0,117940.0,118330.58,429.47265,116994.31620000002,115181.033,1
2025-08-10 12:00:00,118330.58,118737.26,118232.0,118514.0,629.53171,117033.7084,115203.47424999998,1
2025-08-10 13:00:00,118514.0,118683.87,118370.39,118452.0,392.64786,117064.9182,115225.82895,1
2025-08-10 14:00:00,118451.99,118850.0,118308.02,118779.0,740.25126,117110.4886,115251.23469999999,1
2025-08-10 15:00:00,118778.99,119113.94,118568.07,118815.0,1046.79677,117148.4292,115275.39725,1
2025-08-10 16:00:00,118815.0,118944.24,118623.14,118671.74,402.88128,117192.0334,115300.3459,1
2025-08-10 17:00:00,118671.75,118693.02,118453.48,118520.32,230.15923,117238.286,115324.494,1
2025-08-10 18:00:00,118520.33,118611.91,118433.8,118554.01,143.03169,117285.49360000002,115349.50959999999,1
2025-08-10 19:00:00,118554.01,118714.28,118462.29,118663.08,219.78592,117324.57800000001,115373.8894,1
2025-08-10 20:00:00,118663.09,118765.71,118074.99,118323.16,759.54759,117361.08139999998,115397.40515,1
2025-08-10 21:00:00,118323.0,118716.91,118092.0,118716.9,598.54997,117406.3512,115423.70039999999,1
2025-08-10 22:00:00,118716.9,119084.93,118615.44,119084.92,563.5175,117450.2792,115453.62555,1
2025-08-10 23:00:00,119084.93,119311.11,118861.16,119294.01,752.97788,117497.53059999998,115485.89205,1
2025-08-11 00:00:00,119294.27,119500.0,119104.17,119126.35,785.72983,117542.27960000001,115515.52255000001,1
2025-08-11 01:00:00,119126.35,119999.0,118972.59,119988.0,1217.33398,117608.5448,115551.84240000001,1
2025-08-11 02:00:00,119988.0,121894.64,119937.59,121876.0,3889.63895,117714.3448,115599.58415000001,1
2025-08-11 03:00:00,121875.99,122164.07,121559.11,121728.99,1733.48981,117817.65939999999,115647.082,1
2025-08-11 04:00:00,121729.0,122175.88,121623.14,122080.0,1318.04919,117931.1794,115693.582,1
2025-08-11 05:00:00,122080.0,122335.16,121823.24,122059.34,960.5403,118044.68600000002,115739.58209999999,1
2025-08-11 06:00:00,122059.34,122332.98,121954.79,122300.63,842.9397,118162.0034,115786.77455,1
2025-08-11 07:00:00,122300.64,122313.0,121466.08,121537.15,1158.35871,118257.96179999999,115831.72855,1
2025-08-11 08:00:00,121537.14,121823.0,121207.34,121679.13,889.12137,118358.5294,115875.34399999998,1
2025-08-11 09:00:00,121679.13,121704.78,121080.0,121439.75,793.97438,118452.2042,115917.00279999999,1
2025-08-11 10:00:00,121439.75,121455.02,120954.13,121184.84,824.81128,118533.76800000001,115955.3391,1
2025-08-11 11:00:00,121184.84,121283.29,120286.4,120561.54,1708.36029,118594.7814,115990.1258,1
2025-08-11 12:00:00,120561.53,120667.54,119775.82,120120.0,999.53944,118648.6982,116023.38375,1
